<keymap version="1" name="macOS ben" parent="Mac OS X 10.5+">
  <action id="ActivateBookmarksToolWindow" />
  <action id="ActivateTerminalToolWindow">
    <keyboard-shortcut first-keystroke="alt 3" />
  </action>
  <action id="Arrangement.Alias.Rule.Match.Condition.Move.Down" />
  <action id="Arrangement.Rule.Edit" />
  <action id="Arrangement.Rule.Group.Condition.Move.Down" />
  <action id="Arrangement.Rule.Group.Condition.Move.Up" />
  <action id="Arrangement.Rule.Match.Condition.Move.Down" />
  <action id="Arrangement.Rule.Match.Condition.Move.Up" />
  <action id="BookmarksView.Rename" />
  <action id="CIDR.Debugger.ShowInMemoryView" />
  <action id="ChangesView.Rename">
    <keyboard-shortcut first-keystroke="shift f6" />
  </action>
  <action id="ChangesView.ToggleCommitUi" />
  <action id="CheckinProject" />
  <action id="CloseAllEditors">
    <keyboard-shortcut first-keystroke="meta k" />
  </action>
  <action id="CodeCompletion">
    <keyboard-shortcut first-keystroke="alt i" />
  </action>
  <action id="CompareTwoFiles" />
  <action id="Console.Execute.Multiline" />
  <action id="Console.SplitLine" />
  <action id="Console.TableResult.EditValue">
    <keyboard-shortcut first-keystroke="enter" />
    <keyboard-shortcut first-keystroke="alt enter" />
  </action>
  <action id="Console.TableResult.NextPage" />
  <action id="DatabaseView.OpenFamilyAction">
    <keyboard-shortcut first-keystroke="f4" />
  </action>
  <action id="Debug">
    <keyboard-shortcut first-keystroke="meta 2" />
  </action>
  <action id="Diff.ShowDiff" />
  <action id="DirDiffMenu.SynchronizeDiff.All" />
  <action id="Docker.RemoteServers.StartComposeService" />
  <action id="Docker.RemoteServers.StartContainer" />
  <action id="DuplicatesForm.SendToRight" />
  <action id="EditSource">
    <keyboard-shortcut first-keystroke="f4" />
  </action>
  <action id="EditorChooseLookupItemReplace" />
  <action id="EditorDuplicate">
    <keyboard-shortcut first-keystroke="meta alt down" />
  </action>
  <action id="EditorLookupSelectionDown">
    <keyboard-shortcut first-keystroke="tab" />
  </action>
  <action id="EditorLookupSelectionUp">
    <keyboard-shortcut first-keystroke="shift tab" />
  </action>
  <action id="EditorMatchBrace">
    <keyboard-shortcut first-keystroke="alt slash" />
  </action>
  <action id="EditorSelectWord">
    <keyboard-shortcut first-keystroke="meta up" />
  </action>
  <action id="EditorSplitLine" />
  <action id="EditorStartNewLine">
    <keyboard-shortcut first-keystroke="shift enter" />
    <keyboard-shortcut first-keystroke="meta enter" />
  </action>
  <action id="EditorUnSelectWord">
    <keyboard-shortcut first-keystroke="meta down" />
  </action>
  <action id="ExternalSystem.OpenConfig">
    <keyboard-shortcut first-keystroke="f4" />
  </action>
  <action id="FileChooser.GotoDesktop" />
  <action id="FileChooser.GotoProject" />
  <action id="FileChooserList.LevelUp" />
  <action id="FindInPath">
    <keyboard-shortcut first-keystroke="alt s" />
  </action>
  <action id="Git.Commit.Stage" />
  <action id="Git.Rename.Local.Branch">
    <keyboard-shortcut first-keystroke="shift f6" />
  </action>
  <action id="Git.Reword.Commit">
    <keyboard-shortcut first-keystroke="shift f6" />
  </action>
  <action id="GotoDeclaration">
    <keyboard-shortcut first-keystroke="alt r" />
  </action>
  <action id="GotoDeclarationOnly">
    <keyboard-shortcut first-keystroke="alt d" />
  </action>
  <action id="GotoImplementation">
    <keyboard-shortcut first-keystroke="alt x" />
  </action>
  <action id="GotoNextError" />
  <action id="GotoSuperMethod" />
  <action id="GotoTypeDeclaration">
    <keyboard-shortcut first-keystroke="alt t" />
  </action>
  <action id="HideActiveWindow">
    <keyboard-shortcut first-keystroke="alt h" />
  </action>
  <action id="HippieCompletion" />
  <action id="Jdbc.OpenEditor.Data">
    <keyboard-shortcut first-keystroke="f4" />
  </action>
  <action id="List-selectFirstRow" />
  <action id="List-selectLastRow" />
  <action id="MethodOverloadSwitchDown" />
  <action id="MethodOverloadSwitchUp" />
  <action id="MoveLineDown">
    <keyboard-shortcut first-keystroke="alt down" />
  </action>
  <action id="MoveLineUp">
    <keyboard-shortcut first-keystroke="alt up" />
  </action>
  <action id="NavBar-navigate">
    <keyboard-shortcut first-keystroke="f4" />
  </action>
  <action id="NextOccurence" />
  <action id="OpenBookmarkGroup">
    <keyboard-shortcut first-keystroke="f4" />
  </action>
  <action id="ProjectViewEditSource">
    <keyboard-shortcut first-keystroke="f4" />
  </action>
  <action id="QuickJavaDoc">
    <keyboard-shortcut first-keystroke="ctrl j" />
    <mouse-shortcut keystroke="control button2" />
  </action>
  <action id="RecentFiles">
    <keyboard-shortcut first-keystroke="f1" />
  </action>
  <action id="RecentLocations">
    <keyboard-shortcut first-keystroke="alt e" />
  </action>
  <action id="ReformatCode">
    <keyboard-shortcut first-keystroke="meta alt l" />
    <keyboard-shortcut first-keystroke="alt u" />
  </action>
  <action id="RemoteHostView.EditSource">
    <keyboard-shortcut first-keystroke="f4" />
  </action>
  <action id="RenameElement">
    <keyboard-shortcut first-keystroke="f2" />
  </action>
  <action id="Run">
    <keyboard-shortcut first-keystroke="ctrl r" />
    <keyboard-shortcut first-keystroke="alt 2" />
  </action>
  <action id="SearchEverywhere">
    <keyboard-shortcut first-keystroke="alt 1" />
  </action>
  <action id="SearchEverywhere.CompleteCommand" />
  <action id="SearchEverywhere.NavigateToNextGroup">
    <keyboard-shortcut first-keystroke="page_down" />
  </action>
  <action id="SearchEverywhere.NavigateToPrevGroup">
    <keyboard-shortcut first-keystroke="page_up" />
  </action>
  <action id="SelectNextOccurrence">
    <keyboard-shortcut first-keystroke="meta d" />
  </action>
  <action id="SendEOF" />
  <action id="ShelvedChanges.Rename">
    <keyboard-shortcut first-keystroke="shift f6" />
  </action>
  <action id="ShowIntentionActions">
    <keyboard-shortcut first-keystroke="alt f" />
  </action>
  <action id="ShowNavBar">
    <keyboard-shortcut first-keystroke="alt home" />
  </action>
  <action id="ShowSearchHistory" />
  <action id="SmartSelect" />
  <action id="SmartUnSelect" />
  <action id="SplitChooser.Duplicate" />
  <action id="Sql.EditParameter">
    <keyboard-shortcut first-keystroke="f4" />
  </action>
  <action id="Table-startEditing" />
  <action id="TableResult.GrowSelection" />
  <action id="TableResult.ShrinkSelection" />
  <action id="Terminal.ClearBuffer">
    <keyboard-shortcut first-keystroke="meta l" />
  </action>
  <action id="Terminal.SmartCommandExecution.Run" />
  <action id="Tree-startEditing" />
  <action id="UsageView.ShowRecentFindUsages" />
  <action id="Vcs.Log.ShowTooltip">
    <keyboard-shortcut first-keystroke="ctrl j" />
    <mouse-shortcut keystroke="control button2" />
  </action>
  <action id="ViewSource" />
  <action id="XDebugger.SetValue" />
</keymap>