<keymap version="1" name="VSCode (macOS)_ben" parent="VSCode OSX">
  <action id="$Delete">
    <keyboard-shortcut first-keystroke="delete" />
    <keyboard-shortcut first-keystroke="back_space" />
    <keyboard-shortcut first-keystroke="meta enter" />
  </action>
  <action id="AceAction">
    <keyboard-shortcut first-keystroke="alt y" />
  </action>
  <action id="AceLineAction" />
  <action id="AceTargetAction" />
  <action id="ActivateBigDataToolWindowToolWindow">
    <keyboard-shortcut first-keystroke="shift ctrl meta b" />
  </action>
  <action id="ActivateBookmarksToolWindow" />
  <action id="ActivateCommitToolWindow" />
  <action id="ActivateDebugToolWindow">
    <keyboard-shortcut first-keystroke="shift meta d" />
    <keyboard-shortcut first-keystroke="shift ctrl minus" />
  </action>
  <action id="ActivateFindToolWindow" />
  <action id="ActivateProblemsViewToolWindow">
    <keyboard-shortcut first-keystroke="shift ctrl m" />
  </action>
  <action id="ActivateProjectToolWindow">
    <keyboard-shortcut first-keystroke="alt 1" />
  </action>
  <action id="ActivateStructureToolWindow">
    <keyboard-shortcut first-keystroke="meta 7" />
    <keyboard-shortcut first-keystroke="alt 7" />
  </action>
  <action id="ActivateTerminalToolWindow">
    <keyboard-shortcut first-keystroke="alt 3" />
  </action>
  <action id="ActivateVersionControlToolWindow">
    <keyboard-shortcut first-keystroke="alt period" />
  </action>
  <action id="Activategit_worktree_managerToolWindow">
    <keyboard-shortcut first-keystroke="alt comma" />
  </action>
  <action id="Back">
    <keyboard-shortcut first-keystroke="meta open_bracket" />
  </action>
  <action id="BookmarksView.Delete">
    <keyboard-shortcut first-keystroke="delete" />
    <keyboard-shortcut first-keystroke="back_space" />
    <keyboard-shortcut first-keystroke="meta enter" />
  </action>
  <action id="CallHierarchy.BaseOnThisMethod" />
  <action id="ChangesView.Revert">
    <keyboard-shortcut first-keystroke="meta alt z" />
    <keyboard-shortcut first-keystroke="f9" />
  </action>
  <action id="ChooseRunConfiguration" />
  <action id="CloseAllEditors" />
  <action id="CloseAllEditorsButActive">
    <keyboard-shortcut first-keystroke="alt x" />
  </action>
  <action id="CloseProject">
    <keyboard-shortcut first-keystroke="meta alt w" />
  </action>
  <action id="CodeCompletion">
    <keyboard-shortcut first-keystroke="alt t" />
  </action>
  <action id="CodeFloatingToolbar.GotoNextMenu" />
  <action id="CodeWhispererRecommendationAction">
    <keyboard-shortcut first-keystroke="shift ctrl c" />
    <keyboard-shortcut first-keystroke="alt 9" />
  </action>
  <action id="CollapseAllRegions" />
  <action id="CollapseBlock">
    <keyboard-shortcut first-keystroke="meta alt open_bracket" />
  </action>
  <action id="CollapseDocComments" />
  <action id="CollapseRegionRecursively" />
  <action id="CollapseSelection" />
  <action id="CommentByLineComment">
    <keyboard-shortcut first-keystroke="meta slash" />
  </action>
  <action id="CompareClipboardWithSelection" />
  <action id="CompareTwoFiles">
    <keyboard-shortcut first-keystroke="f5" />
  </action>
  <action id="Console.TableResult.NavigateExportedAction">
    <keyboard-shortcut first-keystroke="shift alt f12" />
  </action>
  <action id="Console.TableResult.NavigateForeignAction" />
  <action id="CopyAbsolutePath" />
  <action id="CopyPathWithLineNumber">
    <keyboard-shortcut first-keystroke="alt minus" />
  </action>
  <action id="CopyPaths">
    <keyboard-shortcut first-keystroke="meta alt c" />
  </action>
  <action id="CopyReferencePopupGroup">
    <keyboard-shortcut first-keystroke="alt 0" />
  </action>
  <action id="Debug" />
  <action id="DebugClass" />
  <action id="Diff.NextChange" />
  <action id="Diff.PrevChange" />
  <action id="Docker.RemoteServers.StartComposeService" />
  <action id="DuplicatesForm.SendToLeft" />
  <action id="DuplicatesForm.SendToRight" />
  <action id="EditSource">
    <keyboard-shortcut first-keystroke="alt 8" />
  </action>
  <action id="EditSourceInNewWindow" />
  <action id="Editor Delete">
    <keyboard-shortcut first-keystroke="meta enter" />
  </action>
  <action id="EditorChooseLookupItemReplace" />
  <action id="EditorCloneCaretBelow">
    <keyboard-shortcut first-keystroke="alt equals" />
  </action>
  <action id="EditorDeleteToLineEnd">
    <keyboard-shortcut first-keystroke="meta delete" />
  </action>
  <action id="EditorDeleteToLineStart">
    <keyboard-shortcut first-keystroke="alt back_space" />
  </action>
  <action id="EditorDeleteToWordStart">
    <keyboard-shortcut first-keystroke="meta back_space" />
  </action>
  <action id="EditorDuplicate">
    <keyboard-shortcut first-keystroke="shift alt down" />
    <keyboard-shortcut first-keystroke="ctrl alt down" />
  </action>
  <action id="EditorIndentLineOrSelection" />
  <action id="EditorIndentSelection" />
  <action id="EditorJoinLines" />
  <action id="EditorLineEnd">
    <keyboard-shortcut first-keystroke="meta right" />
    <keyboard-shortcut first-keystroke="ctrl e" />
  </action>
  <action id="EditorLineEndWithSelection">
    <keyboard-shortcut first-keystroke="shift alt right" />
  </action>
  <action id="EditorLineStart">
    <keyboard-shortcut first-keystroke="meta left" />
    <keyboard-shortcut first-keystroke="ctrl a" />
  </action>
  <action id="EditorLineStartWithSelection">
    <keyboard-shortcut first-keystroke="shift alt left" />
  </action>
  <action id="EditorLookupSelectionUp">
    <keyboard-shortcut first-keystroke="shift tab" />
  </action>
  <action id="EditorMatchBrace">
    <keyboard-shortcut first-keystroke="alt 4" />
  </action>
  <action id="EditorNextWordWithSelection">
    <keyboard-shortcut first-keystroke="shift ctrl alt f" />
  </action>
  <action id="EditorPreviousWordWithSelection">
    <keyboard-shortcut first-keystroke="shift ctrl alt b" />
  </action>
  <action id="EditorScrollToCenter" />
  <action id="EditorSelectLine" />
  <action id="EditorSelectWord">
    <keyboard-shortcut first-keystroke="meta up" />
  </action>
  <action id="EditorTextEnd">
    <keyboard-shortcut first-keystroke="alt close_bracket" />
  </action>
  <action id="EditorTextStart">
    <keyboard-shortcut first-keystroke="alt open_bracket" />
  </action>
  <action id="EditorToggleUseSoftWraps" />
  <action id="EditorUnSelectWord">
    <keyboard-shortcut first-keystroke="meta down" />
  </action>
  <action id="EditorUnindentSelection">
    <keyboard-shortcut first-keystroke="shift tab" />
  </action>
  <action id="ExecuteInPyConsoleAction">
    <keyboard-shortcut first-keystroke="shift alt e" />
  </action>
  <action id="Exit" />
  <action id="ExpandAllRegions" />
  <action id="ExpandCollapseToggleAction">
    <keyboard-shortcut first-keystroke="alt z" />
  </action>
  <action id="ExpandLiveTemplateByTab" />
  <action id="ExpandRegionRecursively" />
  <action id="ExpressionTypeInfo" />
  <action id="ExternalSystem.CollapseAll">
    <keyboard-shortcut first-keystroke="meta subtract" />
  </action>
  <action id="ExtractMethod">
    <keyboard-shortcut first-keystroke="shift ctrl r" />
  </action>
  <action id="FileChooser.Delete">
    <keyboard-shortcut first-keystroke="delete" />
    <keyboard-shortcut first-keystroke="back_space" />
    <keyboard-shortcut first-keystroke="meta enter" />
  </action>
  <action id="FileChooser.GotoHome" />
  <action id="FileChooser.GotoModule" />
  <action id="FileChooser.GotoProject" />
  <action id="FileChooserList.LevelUp" />
  <action id="FileStructurePopup">
    <keyboard-shortcut first-keystroke="alt m" />
  </action>
  <action id="FindInPath">
    <keyboard-shortcut first-keystroke="alt s" />
  </action>
  <action id="FindNext">
    <keyboard-shortcut first-keystroke="f3" />
  </action>
  <action id="FindUsages">
    <keyboard-shortcut first-keystroke="alt o" />
  </action>
  <action id="ForceStepInto">
    <keyboard-shortcut first-keystroke="alt f2" />
  </action>
  <action id="Forward">
    <keyboard-shortcut first-keystroke="meta close_bracket" />
  </action>
  <action id="Generate">
    <keyboard-shortcut first-keystroke="meta g" />
  </action>
  <action id="GitToolBox.ShowInlineBlame">
    <keyboard-shortcut first-keystroke="shift ctrl back_slash" />
  </action>
  <action id="GoToProject">
    <keyboard-shortcut first-keystroke="alt p" />
  </action>
  <action id="GotoAction">
    <keyboard-shortcut first-keystroke="shift meta p" />
  </action>
  <action id="GotoBookmark0">
    <keyboard-shortcut first-keystroke="meta 0" />
  </action>
  <action id="GotoBookmark1">
    <keyboard-shortcut first-keystroke="meta 1" />
  </action>
  <action id="GotoBookmark2">
    <keyboard-shortcut first-keystroke="meta 2" />
  </action>
  <action id="GotoBookmark3">
    <keyboard-shortcut first-keystroke="meta 3" />
  </action>
  <action id="GotoBookmark4">
    <keyboard-shortcut first-keystroke="meta 4" />
  </action>
  <action id="GotoBookmark5" />
  <action id="GotoBookmark6" />
  <action id="GotoBookmark7" />
  <action id="GotoBookmark8" />
  <action id="GotoBookmark9" />
  <action id="GotoClass">
    <keyboard-shortcut first-keystroke="alt 2" />
  </action>
  <action id="GotoDeclaration">
    <keyboard-shortcut first-keystroke="alt r" />
  </action>
  <action id="GotoDeclarationOnly">
    <keyboard-shortcut first-keystroke="alt d" />
  </action>
  <action id="GotoFile">
    <keyboard-shortcut first-keystroke="alt e" />
  </action>
  <action id="GotoImplementation">
    <keyboard-shortcut first-keystroke="shift ctrl i" />
  </action>
  <action id="GotoLine">
    <keyboard-shortcut first-keystroke="meta l" />
  </action>
  <action id="GotoRow" />
  <action id="GotoSymbol">
    <keyboard-shortcut first-keystroke="shift meta o" />
  </action>
  <action id="GotoTypeDeclaration" />
  <action id="Graph.RouteEdges" />
  <action id="GuiDesigner.QuickJavadoc">
    <mouse-shortcut keystroke="control button2" />
  </action>
  <action id="Help.KeymapReference" />
  <action id="HideActiveWindow" />
  <action id="HideSideWindows" />
  <action id="HippieCompletion" />
  <action id="IdeaVim.ReloadVimRc.reload">
    <keyboard-shortcut first-keystroke="shift ctrl v" />
  </action>
  <action id="Images.Editor.ZoomOut">
    <keyboard-shortcut first-keystroke="meta subtract" />
  </action>
  <action id="JpbDeleteDataStore">
    <keyboard-shortcut first-keystroke="delete" />
    <keyboard-shortcut first-keystroke="back_space" />
    <keyboard-shortcut first-keystroke="meta enter" />
  </action>
  <action id="JpbDeletePersistenceUnit">
    <keyboard-shortcut first-keystroke="delete" />
    <keyboard-shortcut first-keystroke="back_space" />
    <keyboard-shortcut first-keystroke="meta enter" />
  </action>
  <action id="JumpToLastChange" />
  <action id="Markdown.Layout.EditorAndPreview" />
  <action id="Maven.CollapseAll">
    <keyboard-shortcut first-keystroke="meta subtract" />
  </action>
  <action id="MethodDown" />
  <action id="MethodUp" />
  <action id="MoveEditorToOppositeTabGroup" />
  <action id="MoveTabRight" />
  <action id="NavBar-selectHome">
    <keyboard-shortcut first-keystroke="meta left" />
    <keyboard-shortcut first-keystroke="ctrl a" />
  </action>
  <action id="NewClass">
    <keyboard-shortcut first-keystroke="alt slash" />
  </action>
  <action id="NewDir">
    <keyboard-shortcut first-keystroke="shift meta n" />
  </action>
  <action id="NewScratchFile" />
  <action id="NextDiff">
    <keyboard-shortcut first-keystroke="shift ctrl down" />
  </action>
  <action id="NextEditorTab" />
  <action id="NextProjectWindow" />
  <action id="NextSplitter">
    <keyboard-shortcut first-keystroke="shift ctrl right" />
  </action>
  <action id="NextTab">
    <keyboard-shortcut first-keystroke="meta alt right" />
  </action>
  <action id="NextTemplateParameter">
    <keyboard-shortcut first-keystroke="tab" />
  </action>
  <action id="OpenFile" />
  <action id="OpenInlineChatAction">
    <keyboard-shortcut first-keystroke="shift ctrl g" />
  </action>
  <action id="OverrideFileTypeAction" />
  <action id="OverrideMethods">
    <keyboard-shortcut first-keystroke="alt o" />
  </action>
  <action id="ParameterInfo">
    <keyboard-shortcut first-keystroke="meta p" />
  </action>
  <action id="PinActiveTabAction" />
  <action id="PrevInlineCompletionSuggestionAction" />
  <action id="PreviousDiff">
    <keyboard-shortcut first-keystroke="shift ctrl up" />
  </action>
  <action id="PreviousEditorTab" />
  <action id="PreviousTab">
    <keyboard-shortcut first-keystroke="meta alt left" />
  </action>
  <action id="QuickChangeScheme" />
  <action id="QuickImplementations">
    <keyboard-shortcut first-keystroke="alt f12" />
    <keyboard-shortcut first-keystroke="shift ctrl close_bracket" />
  </action>
  <action id="QuickJavaDoc">
    <mouse-shortcut keystroke="control button2" />
  </action>
  <action id="RecentFiles">
    <keyboard-shortcut first-keystroke="shift ctrl e" />
  </action>
  <action id="RecentProjectListGroup" />
  <action id="Refactorings.QuickListPopupAction" />
  <action id="ReformatCode">
    <keyboard-shortcut first-keystroke="shift ctrl u" />
  </action>
  <action id="Refresh" />
  <action id="RemoteServers.EditServerConfig" />
  <action id="RenameFile">
    <keyboard-shortcut first-keystroke="f2" />
  </action>
  <action id="ResizeToolWindowDown" />
  <action id="ResizeToolWindowLeft" />
  <action id="ResizeToolWindowRight" />
  <action id="ResizeToolWindowUp" />
  <action id="Resume">
    <keyboard-shortcut first-keystroke="alt f3" />
  </action>
  <action id="RevealIn">
    <keyboard-shortcut first-keystroke="meta alt r" />
  </action>
  <action id="Run">
    <keyboard-shortcut first-keystroke="alt back_slash" />
  </action>
  <action id="RunDashboard.Run">
    <keyboard-shortcut first-keystroke="alt y" />
  </action>
  <action id="SearchEverywhere">
    <keyboard-shortcut first-keystroke="f1" />
  </action>
  <action id="SearchEverywhere.CompleteCommand" />
  <action id="SearchEverywhere.NextTab" />
  <action id="SelectAllOccurrences">
    <keyboard-shortcut first-keystroke="meta f2" />
    <keyboard-shortcut first-keystroke="ctrl meta g" />
    <keyboard-shortcut first-keystroke="shift ctrl l" />
  </action>
  <action id="SelectIn" />
  <action id="SelectInProjectView" />
  <action id="SelectNextOccurrence">
    <keyboard-shortcut first-keystroke="meta d" />
  </action>
  <action id="ShowBookmarks">
    <keyboard-shortcut first-keystroke="alt b" />
  </action>
  <action id="ShowContent" />
  <action id="ShowIntentionActions">
    <keyboard-shortcut first-keystroke="alt enter" />
  </action>
  <action id="ShowPopupMenu" />
  <action id="ShowTypeBookmarks" />
  <action id="ShowUmlDiagramPopup">
    <keyboard-shortcut first-keystroke="meta alt u" />
    <keyboard-shortcut first-keystroke="alt g" />
  </action>
  <action id="SplitChooser.Duplicate" />
  <action id="SplitChooser.NextWindow" />
  <action id="SplitVertically" />
  <action id="StartStopMacroRecording">
    <keyboard-shortcut first-keystroke="ctrl back_slash" />
  </action>
  <action id="StepOver">
    <keyboard-shortcut first-keystroke="alt f1" />
  </action>
  <action id="SurroundWith">
    <keyboard-shortcut first-keystroke="meta alt t" />
    <keyboard-shortcut first-keystroke="shift ctrl s" />
    <keyboard-shortcut first-keystroke="alt w" />
  </action>
  <action id="SwitcherIterateItems" />
  <action id="SwitcherRecentEditedChangedToggleCheckBox" />
  <action id="Tab" />
  <action id="Table-selectFirstRow" />
  <action id="Terminal.ClearBuffer" />
  <action id="Terminal.CommandCompletion" />
  <action id="Terminal.NextSplitter">
    <keyboard-shortcut first-keystroke="shift ctrl right" />
  </action>
  <action id="Terminal.SmartCommandExecution.Run" />
  <action id="Terminal.SplitVertically" />
  <action id="ToggleRenderedDocPresentationForAll">
    <keyboard-shortcut first-keystroke="shift ctrl d" />
  </action>
  <action id="ToggleZenMode" />
  <action id="Tree-selectFirst" />
  <action id="TypeHierarchy">
    <keyboard-shortcut first-keystroke="alt h" />
  </action>
  <action id="UsageFiltering.ReadAccess" />
  <action id="UsageView.Exclude">
    <keyboard-shortcut first-keystroke="delete" />
    <keyboard-shortcut first-keystroke="back_space" />
    <keyboard-shortcut first-keystroke="meta enter" />
  </action>
  <action id="Vcs.Log.FocusTextFilter" />
  <action id="Vcs.Log.ShowTooltip">
    <mouse-shortcut keystroke="control button2" />
  </action>
  <action id="Vcs.QuickListPopupAction">
    <keyboard-shortcut first-keystroke="alt comma" />
  </action>
  <action id="VcsShowNextChangeMarker">
    <keyboard-shortcut first-keystroke="alt f5" />
  </action>
  <action id="VimActions">
    <keyboard-shortcut first-keystroke="shift ctrl p" />
  </action>
  <action id="WebOpenInAction" />
  <action id="com.github.bgomar.consolelogger.add1" />
  <action id="com.github.bgomar.consolelogger.add2" />
  <action id="com.github.bgomar.consolelogger.add3" />
  <action id="com.github.bgomar.consolelogger.add4" />
  <action id="com.github.bgomar.consolelogger.add5" />
  <action id="com.github.bgomar.consolelogger.add6" />
  <action id="com.github.bgomar.consolelogger.add7" />
  <action id="com.github.bgomar.consolelogger.add8" />
  <action id="com.github.bgomar.consolelogger.add9">
    <keyboard-shortcut first-keystroke="alt c" />
  </action>
  <action id="com.github.bgomar.consolelogger.addError" />
  <action id="com.github.bgomar.consolelogger.addGroup" />
  <action id="com.github.bgomar.consolelogger.addTable" />
  <action id="com.github.bgomar.consolelogger.removeLogs" />
  <action id="continue.focusContinueInput" />
  <action id="copilot.applyInlays" />
  <action id="copilot.chat.inline" />
  <action id="copilot.chat.show">
    <keyboard-shortcut first-keystroke="meta i" />
  </action>
  <action id="copilot.cycleNextInlays" />
  <action id="copilot.cyclePrevInlays" />
  <action id="copilot.enableCopilot" />
  <action id="copilot.requestCompletions" />
  <action id="org.igu.plugins.consolelog.CommentAllLogMessagesAction" />
  <action id="org.igu.plugins.consolelog.DeleteAllLogMessagesAction" />
  <action id="org.igu.plugins.consolelog.DisplayLogMessageAction" />
  <action id="org.igu.plugins.consolelog.UnCommentAllLogMessagesAction" />
  <action id="org.intellij.plugins.markdown.ui.actions.styling.ToggleItalicAction" />
  <action id="org.jetbrains.security.toolwindow.tree.actions.FindUsagesAction">
    <keyboard-shortcut first-keystroke="shift alt f12" />
  </action>
  <action id="org.lso.logit.addLog">
    <keyboard-shortcut first-keystroke="alt c" />
  </action>
  <action id="org.lso.logit.removeLogs" />
</keymap>